name,html_url,stars,archived,fork,created_at,pushed_at
DICOM.jl,https://github.com/JuliaHealth/DICOM.jl,59,false,false,2013-03-01T05:48:33Z,2024-07-27T03:12:17Z
PubMedMiner.jl,https://github.com/JuliaHealth/PubMedMiner.jl,9,false,false,2016-05-12T20:51:09Z,2020-05-18T20:21:43Z
BioMedQuery.jl,https://github.com/JuliaHealth/BioMedQuery.jl,18,false,false,2016-05-23T16:37:54Z,2020-05-18T21:12:54Z
CTakesParser.jl,https://github.com/JuliaHealth/CTakesParser.jl,6,false,false,2017-06-06T19:41:24Z,2020-05-18T20:30:02Z
ARules.jl,https://github.com/JuliaHealth/ARules.jl,12,false,false,2017-06-28T13:24:18Z,2020-05-18T21:14:39Z
MTIWrapper.jl,https://github.com/JuliaHealth/MTIWrapper.jl,0,false,false,2017-11-20T15:01:10Z,2020-05-18T20:23:14Z
CAOS.jl,https://github.com/JuliaHealth/CAOS.jl,3,false,false,2018-05-15T18:36:43Z,2020-05-18T20:14:40Z
KomaMRI.jl,https://github.com/JuliaHealth/KomaMRI.jl,176,false,false,2020-04-01T14:38:35Z,2026-01-11T22:40:13Z
JuliaHealthWebsiteOld,https://github.com/JuliaHealth/JuliaHealthWebsiteOld,15,false,false,2020-04-26T20:42:27Z,2025-05-16T20:11:29Z
juliahealth.github.io-previews,https://github.com/JuliaHealth/juliahealth.github.io-previews,0,false,false,2020-05-01T22:44:25Z,2024-03-25T19:02:23Z
HealthBase.jl,https://github.com/JuliaHealth/HealthBase.jl,6,false,false,2020-05-02T03:17:16Z,2025-08-28T01:52:21Z
HealthMLBase.jl,https://github.com/JuliaHealth/HealthMLBase.jl,1,false,false,2020-05-03T21:02:29Z,2021-03-29T01:51:40Z
DateShifting.jl,https://github.com/JuliaHealth/DateShifting.jl,0,false,false,2020-07-06T21:02:33Z,2020-10-08T00:03:48Z
OMOPCommonDataModel.jl,https://github.com/JuliaHealth/OMOPCommonDataModel.jl,6,false,false,2020-07-29T12:24:59Z,2025-06-09T03:38:24Z
FHIRClient.jl,https://github.com/JuliaHealth/FHIRClient.jl,13,false,false,2020-07-30T18:21:33Z,2024-07-01T23:32:45Z
DICOMClient.jl,https://github.com/JuliaHealth/DICOMClient.jl,1,false,false,2020-08-03T15:07:20Z,2020-10-30T00:14:20Z
PharmaceuticalClassification.jl,https://github.com/JuliaHealth/PharmaceuticalClassification.jl,6,false,false,2020-08-22T21:26:14Z,2023-03-14T01:12:52Z
PubChemCrawler.jl,https://github.com/JuliaHealth/PubChemCrawler.jl,28,false,false,2020-11-10T20:50:05Z,2025-09-09T09:52:08Z
FHIRClientJSON.jl,https://github.com/JuliaHealth/FHIRClientJSON.jl,0,false,false,2020-11-26T20:01:54Z,2021-03-16T14:30:56Z
SMARTAppLaunch.jl,https://github.com/JuliaHealth/SMARTAppLaunch.jl,2,false,false,2021-02-10T05:03:01Z,2024-08-05T15:28:27Z
SMARTBackendServices.jl,https://github.com/JuliaHealth/SMARTBackendServices.jl,0,false,false,2021-02-22T21:53:25Z,2025-12-01T06:23:27Z
FHIRClientXML.jl,https://github.com/JuliaHealth/FHIRClientXML.jl,0,false,false,2021-03-16T11:45:20Z,2021-03-19T13:46:37Z
Thunderbolt.jl,https://github.com/JuliaHealth/Thunderbolt.jl,21,false,false,2021-04-08T23:10:49Z,2026-01-07T17:22:48Z
MedEye3d.jl,https://github.com/JuliaHealth/MedEye3d.jl,16,false,false,2021-05-23T14:55:00Z,2025-07-02T07:01:04Z
MedEval3D.jl,https://github.com/JuliaHealth/MedEval3D.jl,4,false,false,2021-08-03T18:06:07Z,2025-08-02T04:48:44Z
EpiJ,https://github.com/JuliaHealth/EpiJ,2,false,false,2022-01-26T03:38:08Z,2022-01-27T21:41:16Z
EHRAuthentication.jl,https://github.com/JuliaHealth/EHRAuthentication.jl,0,false,false,2022-02-12T11:29:41Z,2023-08-16T08:23:45Z
DiagnosisClassification.jl,https://github.com/JuliaHealth/DiagnosisClassification.jl,1,false,false,2022-03-13T03:11:08Z,2022-03-19T03:30:14Z
MedPipe3D.jl,https://github.com/JuliaHealth/MedPipe3D.jl,8,false,false,2022-03-29T06:12:03Z,2025-04-16T10:52:10Z
MedPipe3DTutorial,https://github.com/JuliaHealth/MedPipe3DTutorial,9,false,false,2022-03-29T15:22:36Z,2024-03-12T18:16:23Z
ICD_GEMs.jl,https://github.com/JuliaHealth/ICD_GEMs.jl,17,false,false,2022-05-19T13:57:11Z,2022-12-23T18:00:06Z
OMOPCDMCohortCreator.jl,https://github.com/JuliaHealth/OMOPCDMCohortCreator.jl,11,false,false,2022-06-29T16:05:00Z,2025-05-19T02:43:31Z
OMOPCDMDatabaseConnector.jl,https://github.com/JuliaHealth/OMOPCDMDatabaseConnector.jl,1,false,false,2022-06-29T17:23:19Z,2022-08-03T19:10:57Z
HealthSampleData.jl,https://github.com/JuliaHealth/HealthSampleData.jl,2,false,false,2022-07-29T20:40:49Z,2025-11-24T22:26:31Z
ObservationalHealthSubecosystemPaper,https://github.com/JuliaHealth/ObservationalHealthSubecosystemPaper,2,false,false,2022-10-06T21:23:38Z,2024-01-17T06:07:31Z
OHDSIAPI.jl,https://github.com/JuliaHealth/OHDSIAPI.jl,2,false,false,2023-01-24T16:40:50Z,2025-08-21T00:01:11Z
OMOPCDMPredictor,https://github.com/JuliaHealth/OMOPCDMPredictor,4,false,false,2023-03-20T00:19:31Z,2023-03-20T00:22:57Z
OMOPVocabMapper.jl,https://github.com/JuliaHealth/OMOPVocabMapper.jl,1,false,false,2023-06-09T18:07:06Z,2024-10-17T21:08:48Z
DICOMTree.jl,https://github.com/JuliaHealth/DICOMTree.jl,6,false,false,2023-08-13T09:33:27Z,2024-04-13T16:29:09Z
MedImages.jl,https://github.com/JuliaHealth/MedImages.jl,9,false,false,2023-11-01T13:21:44Z,2026-01-09T19:19:15Z
OMOPCDMPathways.jl,https://github.com/JuliaHealth/OMOPCDMPathways.jl,3,false,false,2023-12-28T20:22:46Z,2025-03-01T18:09:40Z
JuliaHealthLLM,https://github.com/JuliaHealth/JuliaHealthLLM,4,false,false,2024-01-11T21:50:27Z,2025-12-19T01:14:33Z
OMOPCDMMetrics,https://github.com/JuliaHealth/OMOPCDMMetrics,1,false,false,2024-01-15T17:54:10Z,2024-08-22T02:01:27Z
NeuroAnalyzer.jl,https://github.com/JuliaHealth/NeuroAnalyzer.jl,18,false,false,2024-02-29T15:36:27Z,2026-01-06T15:00:28Z
IPUMS.jl,https://github.com/JuliaHealth/IPUMS.jl,2,false,false,2024-03-14T05:07:41Z,2025-04-09T18:17:52Z
NCEI.jl,https://github.com/JuliaHealth/NCEI.jl,0,false,true,2024-03-18T16:56:43Z,2023-04-30T18:57:01Z
CloToP.jl,https://github.com/JuliaHealth/CloToP.jl,1,false,false,2024-04-26T18:01:06Z,2025-12-11T20:40:24Z
juliahealth.github.io,https://github.com/JuliaHealth/juliahealth.github.io,6,false,false,2024-06-17T22:18:04Z,2025-12-18T02:34:05Z
ITKIOWrapp.jl,https://github.com/JuliaHealth/ITKIOWrapp.jl,0,true,false,2024-07-10T13:54:31Z,2024-09-08T06:16:44Z
BlindingIndex.jl,https://github.com/JuliaHealth/BlindingIndex.jl,0,false,false,2024-09-03T16:02:23Z,2025-11-24T20:53:09Z
ITKIOWrapper.jl,https://github.com/JuliaHealth/ITKIOWrapper.jl,1,false,false,2024-09-06T12:06:57Z,2025-05-26T23:42:40Z
WrapperITKIO.jl,https://github.com/JuliaHealth/WrapperITKIO.jl,1,true,false,2024-09-06T12:10:52Z,2024-09-06T12:17:31Z
BloodFlowTrixi.jl,https://github.com/JuliaHealth/BloodFlowTrixi.jl,42,false,false,2025-01-09T08:52:09Z,2025-11-24T20:32:19Z
GitHubAnalytics.jl,https://github.com/JuliaHealth/GitHubAnalytics.jl,2,false,false,2025-05-02T10:36:45Z,2025-05-27T01:36:30Z
HealthLLM.jl,https://github.com/JuliaHealth/HealthLLM.jl,2,false,false,2025-06-25T06:48:37Z,2025-12-19T01:13:16Z
OMOPCDMFeasibility.jl,https://github.com/JuliaHealth/OMOPCDMFeasibility.jl,3,false,false,2025-07-18T14:20:54Z,2025-11-24T13:57:17Z
JuliaHealthEcosystemPaper,https://github.com/JuliaHealth/JuliaHealthEcosystemPaper,1,false,false,2025-07-29T21:04:00Z,2025-11-27T03:40:29Z
JuliaHealthZoo,https://github.com/JuliaHealth/JuliaHealthZoo,0,false,false,2025-09-04T16:21:28Z,2025-09-04T16:21:29Z
HealthDash.jl,https://github.com/JuliaHealth/HealthDash.jl,2,false,false,2025-10-02T16:34:35Z,2025-12-24T09:48:35Z
JuliaHealthAudit,https://github.com/JuliaHealth/JuliaHealthAudit,0,false,false,2026-01-10T04:10:45Z,2026-01-10T04:10:47Z
