package_or_repo,active_maintainers_list
ARules.jl,
BioMedQuery.jl,
BlindingIndex.jl,
BloodFlowTrixi.jl,yolhan83
CAOS.jl,
CTakesParser.jl,
CloToP.jl,AdamWysokinski
DICOM.jl,
DICOMClient.jl,
DICOMTree.jl,
DateShifting.jl,
DiagnosisClassification.jl,
EHRAuthentication.jl,
FHIRClient.jl,
FHIRClientJSON.jl,
FHIRClientXML.jl,
GitHubAnalytics.jl,
HealthBase.jl,
HealthDash.jl,kosuri-indu
HealthLLM.jl,ParamThakkar123; TheCedarPrince
HealthMLBase.jl,
HealthSampleData.jl,ParamThakkar123
ICD_GEMs.jl,
IPUMS.jl,00krishna; TheCedarPrince
ITKIOWrapp.jl,
ITKIOWrapper.jl,
KomaMRI.jl,KookiesNKareem; cncastillo; kosuri-indu; pvillacorta
MTIWrapper.jl,
MedEval3D.jl,
MedEye3d.jl,
MedImages.jl,Muskan121622; jakubMitura14
MedPipe3D.jl,Esraa-Hassan0; KushalTrivedi19032005; Muskan121622; jakubMitura14
NCEI.jl,
NeuroAnalyzer.jl,AdamWysokinski
OHDSIAPI.jl,
OMOPCDMCohortCreator.jl,
OMOPCDMDatabaseConnector.jl,
OMOPCDMFeasibility.jl,kosuri-indu
OMOPCDMPathways.jl,
OMOPCommonDataModel.jl,kosuri-indu
OMOPVocabMapper.jl,
PharmaceuticalClassification.jl,
PubChemCrawler.jl,
PubMedMiner.jl,
SMARTAppLaunch.jl,
SMARTBackendServices.jl,
Thunderbolt.jl,Abdelrahman912; kosuri-indu; oscardssmith; termi-official
WrapperITKIO.jl,
EpiJ,
JuliaHealthAudit,kosuri-indu
JuliaHealthEcosystemPaper,TheCedarPrince; kosuri-indu
JuliaHealthLLM,ParamThakkar123; TheCedarPrince
JuliaHealthWebsiteOld,
JuliaHealthZoo,kosuri-indu
MedPipe3DTutorial,
OMOPCDMMetrics,
OMOPCDMPredictor,
ObservationalHealthSubecosystemPaper,
juliahealth.github.io,Hetarth02; divital-coder
juliahealth.github.io-previews,
