core,regular,occasional,one_time
Adam Wysokiński,@Night-Glimmers,AaronGhost,
Carlos Castillo Passi,BCBI Bot,Abdelrahman Fathy (Tee),
Dilum Aluthge,David Müller-Widmann,AbdulazizAhmed,
Jacob S. Zelko,Dennis Ogiermann,Adam Brewster,
Jakub Mitura,Jan Zubik,Anshul Singhvi,
Pablo Villacorta Aylagas,Jay-sanjay,Ashlin Harris,
beorostica,Julia TagBot,Ben Russert,
,Kosuri Indu,Carlo Baldassi,
,Maria Isabel Restrepo,Christopher Rackauckas,
,Mary McGrath,Curt Corum,
,Param Thakkar,Dale-Black,
,Paul Stey,David Smith,
,Stockless,Farida Abdelazeez,
,Zaki A.,Filipe Chichorro,
,bors[bot],François de Kermenguy,
,dependabot[bot],Fredrik Ekre,
,github-actions[bot],Guillermo Sahonero Alvarez,
,rkierulf,Hetarth Shah,
,yolhan mannes,Ian,
,,Interdisciplinary Physics Team (InPhyT),
,,Isaiah Norton,
,,Jan Weidner,
,,Jason Katz,
,,Jeff Bezanson,
,,José Bayoán Santiago Calderón,
,,Kareem,
,,Keno Fischer,
,,Krishna Bhogaonker,
,,Kyle Beggs,
,,Logan Kilpatrick ,
,,Marija Gijic,
,,Mateusz Baran,
,,MichelaRocchetti,
,,Mounika Thakkallapally,
,,Nicole Epp,
,,Niklas Hackelberg,
,,Oscar Smith,
,,Pablo Irarrazaval,
,,Pietro Monticone,
,,Rasmus Jepsen,
,,Rupali Patel,
,,Simon,
,,Simon Kornblith,
,,Stefan Karpinski,
,,Thomas Poulsen,
,,Tim Holy,
,,Tino Rodríguez,
,,Tony Kelman,
,,Vaibhav Dixit,
,,Victor Saase,
,,aTrotier,
,,calberolalopez,
,,dublinsubway,
,,fossabot,
,,gabuzi,
,,google-labs-jules[bot],
,,jagiellonczyk14,
,,ultradian,
