package_or_repo,human_contributors_list
ARules.jl,paulstey; mcmcgrath13; DilumAluthge; mirestrepo
BioMedQuery.jl,mirestrepo; mcmcgrath13; DilumAluthge; paulstey; ibacher; jasonk33; tkelman; nicoleepp
BlindingIndex.jl,AdamWysokinski
BloodFlowTrixi.jl,yolhan83
CAOS.jl,jasonk33; DilumAluthge; paulstey
CTakesParser.jl,mirestrepo; DilumAluthge
CloToP.jl,AdamWysokinski
DICOM.jl,notZaki; DilumAluthge; vsaase; ihnorton; simonster; ultradian; mateuszbaran; JeffBezanson; AaronGhost; StefanKarpinski; adambrewster; jw3126; SimonDanisch; BenRussert; carlobaldassi; Dale-Black; davidssmith; Keno
DICOMClient.jl,DilumAluthge
DICOMTree.jl,fdekerme
DateShifting.jl,DilumAluthge
DiagnosisClassification.jl,DilumAluthge
EHRAuthentication.jl,DilumAluthge; devmotion; Vaibhavdixit02
FHIRClient.jl,DilumAluthge; devmotion
FHIRClientJSON.jl,DilumAluthge
FHIRClientXML.jl,DilumAluthge
GitHubAnalytics.jl,divital-coder
HealthBase.jl,DilumAluthge; TheCedarPrince; kosuri-indu
HealthDash.jl,kosuri-indu
HealthLLM.jl,ParamThakkar123; TheCedarPrince
HealthMLBase.jl,DilumAluthge
HealthSampleData.jl,TheCedarPrince; ParamThakkar123
ICD_GEMs.jl,InterdisciplinaryPhysicsTeam; pitmonticone
IPUMS.jl,TheCedarPrince; 00krishna
ITKIOWrapp.jl,jakubMitura14; divital-coder
ITKIOWrapper.jl,divital-coder; jakubMitura14
KomaMRI.jl,cncastillo; pvillacorta; beorostica; Stockless; rkierulf; aTrotier; gsahonero; curtcorum; tinorodriguez; DilumAluthge; KookiesNKareem; TheCedarPrince; nHackel; pabloirarrazaval; thePlasm; calberolalopez; gabuzi
MTIWrapper.jl,mirestrepo; DilumAluthge
MedEval3D.jl,jakubMitura14; jagiellonczyk14; ParamThakkar123; rupalimits
MedEye3d.jl,jakubMitura14; divital-coder; jagiellonczyk14
MedImages.jl,jakubMitura14; divital-coder; JanZubik
MedPipe3D.jl,jakubMitura14; JanZubik; MarijaGijic
NCEI.jl,Nosferican; fredrikekre
NeuroAnalyzer.jl,AdamWysokinski; TheCedarPrince
OHDSIAPI.jl,TheCedarPrince; Farreeda; kosuri-indu
OMOPCDMCohortCreator.jl,TheCedarPrince; Jay-sanjay; Farreeda; dublinsubway
OMOPCDMDatabaseConnector.jl,TheCedarPrince
OMOPCDMFeasibility.jl,kosuri-indu; TheCedarPrince
OMOPCDMPathways.jl,Jay-sanjay; TheCedarPrince; asinghvi17
OMOPCommonDataModel.jl,DilumAluthge
OMOPVocabMapper.jl,Mounika-Thakkallapally; AshlinHarris
PharmaceuticalClassification.jl,DilumAluthge
PubChemCrawler.jl,timholy; tp2750; DilumAluthge; fchichorro
PubMedMiner.jl,mirestrepo; mcmcgrath13; ibacher; DilumAluthge
SMARTAppLaunch.jl,DilumAluthge; Vaibhavdixit02; devmotion
SMARTBackendServices.jl,DilumAluthge; devmotion
Thunderbolt.jl,termi-official; AbdAlazezAhmed; Abdelrahman912; kylebeggs; oscardssmith
WrapperITKIO.jl,jakubMitura14
EpiJ,TheCedarPrince
JuliaHealthAudit,kosuri-indu
JuliaHealthEcosystemPaper,TheCedarPrince; kosuri-indu
JuliaHealthLLM,ParamThakkar123; TheCedarPrince
JuliaHealthWebsiteOld,DilumAluthge; TheCedarPrince; pitmonticone; ChrisRackauckas; Hetarth02; logankilpatrick
JuliaHealthZoo,
MedPipe3DTutorial,jakubMitura14
OMOPCDMMetrics,TheCedarPrince
OMOPCDMPredictor,TheCedarPrince
ObservationalHealthSubecosystemPaper,TheCedarPrince
juliahealth.github.io,divital-coder; TheCedarPrince; Hetarth02; kosuri-indu; Jay-sanjay; JanZubik; 00krishna; MichelaRocchetti; Mounika-Thakkallapally; rkierulf
juliahealth.github.io-previews,DilumAluthge
