true,false
ARules.jl,BlindingIndex.jl
BioMedQuery.jl,CTakesParser.jl
BloodFlowTrixi.jl,CloToP.jl
CAOS.jl,DICOM.jl
DICOMClient.jl,DICOMTree.jl
DateShifting.jl,HealthDash.jl
DiagnosisClassification.jl,HealthLLM.jl
EHRAuthentication.jl,HealthSampleData.jl
FHIRClient.jl,ITKIOWrapp.jl
FHIRClientJSON.jl,ITKIOWrapper.jl
FHIRClientXML.jl,MTIWrapper.jl
GitHubAnalytics.jl,MedEval3D.jl
HealthBase.jl,MedEye3d.jl
HealthMLBase.jl,MedPipe3D.jl
ICD_GEMs.jl,NCEI.jl
IPUMS.jl,NeuroAnalyzer.jl
KomaMRI.jl,OMOPVocabMapper.jl
MedImages.jl,PubMedMiner.jl
OHDSIAPI.jl,WrapperITKIO.jl
OMOPCDMCohortCreator.jl,
OMOPCDMDatabaseConnector.jl,
OMOPCDMFeasibility.jl,
OMOPCDMPathways.jl,
OMOPCommonDataModel.jl,
PharmaceuticalClassification.jl,
PubChemCrawler.jl,
SMARTAppLaunch.jl,
SMARTBackendServices.jl,
Thunderbolt.jl,
