human_contributors,bot_contributors
@Night-Glimmers,BCBI Bot
AaronGhost,Julia TagBot
Abdelrahman Fathy (Tee),bors[bot]
AbdulazizAhmed,dependabot[bot]
Adam Brewster,fossabot
Adam Wysokiński,github-actions[bot]
Anshul Singhvi,google-labs-jules[bot]
Ashlin Harris,
Ben Russert,
Carlo Baldassi,
Carlos Castillo Passi,
Christopher Rackauckas,
Curt Corum,
Dale-Black,
David Müller-Widmann,
David Smith,
Dennis Ogiermann,
Dilum Aluthge,
Farida Abdelazeez,
Filipe Chichorro,
François de Kermenguy,
Fredrik Ekre,
Guillermo Sahonero Alvarez,
Hetarth Shah,
Ian,
Interdisciplinary Physics Team (InPhyT),
Isaiah Norton,
Jacob S. Zelko,
Jakub Mitura,
Jan Weidner,
Jan Zubik,
Jason Katz,
Jay-sanjay,
Jeff Bezanson,
José Bayoán Santiago Calderón,
Kareem,
Keno Fischer,
Kosuri Indu,
Krishna Bhogaonker,
Kyle Beggs,
Logan Kilpatrick ,
Maria Isabel Restrepo,
Marija Gijic,
Mary McGrath,
Mateusz Baran,
MichelaRocchetti,
Mounika Thakkallapally,
Nicole Epp,
Niklas Hackelberg,
Oscar Smith,
Pablo Irarrazaval,
Pablo Villacorta Aylagas,
Param Thakkar,
Paul Stey,
Pietro Monticone,
Rasmus Jepsen,
Rupali Patel,
Simon,
Simon Kornblith,
Stefan Karpinski,
Stockless,
Thomas Poulsen,
Tim Holy,
Tino Rodríguez,
Tony Kelman,
Vaibhav Dixit,
Victor Saase,
Zaki A.,
aTrotier,
beorostica,
calberolalopez,
dublinsubway,
gabuzi,
jagiellonczyk14,
rkierulf,
ultradian,
yolhan mannes,
