Apache-2.0,BSD-2-Clause,ISC,MIT,Other,Unknown
MedEye3d.jl,BlindingIndex.jl,NCEI.jl,BioMedQuery.jl,ARules.jl,JuliaHealthWebsiteOld
MedImages.jl,CloToP.jl,,BloodFlowTrixi.jl,CAOS.jl,JuliaHealthZoo
,NeuroAnalyzer.jl,,DICOM.jl,CTakesParser.jl,MedPipe3DTutorial
,,,DICOMClient.jl,MTIWrapper.jl,ObservationalHealthSubecosystemPaper
,,,DICOMTree.jl,OMOPCDMCohortCreator.jl,juliahealth.github.io
,,,DateShifting.jl,OMOPCDMDatabaseConnector.jl,juliahealth.github.io-previews
,,,DiagnosisClassification.jl,,
,,,EHRAuthentication.jl,,
,,,FHIRClient.jl,,
,,,FHIRClientJSON.jl,,
,,,FHIRClientXML.jl,,
,,,GitHubAnalytics.jl,,
,,,HealthBase.jl,,
,,,HealthDash.jl,,
,,,HealthLLM.jl,,
,,,HealthMLBase.jl,,
,,,HealthSampleData.jl,,
,,,ICD_GEMs.jl,,
,,,IPUMS.jl,,
,,,ITKIOWrapp.jl,,
,,,ITKIOWrapper.jl,,
,,,KomaMRI.jl,,
,,,MedEval3D.jl,,
,,,MedPipe3D.jl,,
,,,OHDSIAPI.jl,,
,,,OMOPCDMFeasibility.jl,,
,,,OMOPCDMPathways.jl,,
,,,OMOPCommonDataModel.jl,,
,,,OMOPVocabMapper.jl,,
,,,PharmaceuticalClassification.jl,,
,,,PubChemCrawler.jl,,
,,,PubMedMiner.jl,,
,,,SMARTAppLaunch.jl,,
,,,SMARTBackendServices.jl,,
,,,Thunderbolt.jl,,
,,,WrapperITKIO.jl,,
,,,EpiJ,,
,,,JuliaHealthAudit,,
,,,JuliaHealthEcosystemPaper,,
,,,JuliaHealthLLM,,
,,,OMOPCDMMetrics,,
,,,OMOPCDMPredictor,,
