package_or_repo,maintainers_list
ARules.jl,DilumAluthge
BioMedQuery.jl,DilumAluthge
BlindingIndex.jl,AdamWysokinski
BloodFlowTrixi.jl,yolhan83
CAOS.jl,DilumAluthge; jasonk33
CTakesParser.jl,DilumAluthge
CloToP.jl,AdamWysokinski
DICOM.jl,AaronGhost; mateuszbaran; notZaki
DICOMClient.jl,DilumAluthge
DICOMTree.jl,fdekerme
DateShifting.jl,DilumAluthge
DiagnosisClassification.jl,DilumAluthge
EHRAuthentication.jl,devmotion
FHIRClient.jl,DilumAluthge; devmotion
FHIRClientJSON.jl,DilumAluthge
FHIRClientXML.jl,DilumAluthge
GitHubAnalytics.jl,divital-coder
HealthBase.jl,DilumAluthge; TheCedarPrince; kosuri-indu
HealthDash.jl,kosuri-indu
HealthLLM.jl,ParamThakkar123; TheCedarPrince
HealthMLBase.jl,DilumAluthge
HealthSampleData.jl,ParamThakkar123
ICD_GEMs.jl,InterdisciplinaryPhysicsTeam; pitmonticone
IPUMS.jl,00krishna; TheCedarPrince
ITKIOWrapp.jl,divital-coder; jakubMitura14
ITKIOWrapper.jl,divital-coder; jakubMitura14
KomaMRI.jl,KookiesNKareem; cncastillo; kosuri-indu; pvillacorta
MTIWrapper.jl,DilumAluthge
MedEval3D.jl,ParamThakkar123; jakubMitura14; rupalimits
MedEye3d.jl,divital-coder; jakubMitura14
MedImages.jl,Muskan121622; jakubMitura14
MedPipe3D.jl,Esraa-Hassan0; KushalTrivedi19032005; MarijaGijic; Muskan121622; jakubMitura14
NCEI.jl,Nosferican
NeuroAnalyzer.jl,AdamWysokinski
OHDSIAPI.jl,TheCedarPrince; kosuri-indu
OMOPCDMCohortCreator.jl,TheCedarPrince
OMOPCDMDatabaseConnector.jl,TheCedarPrince
OMOPCDMFeasibility.jl,TheCedarPrince; kosuri-indu
OMOPCDMPathways.jl,Jay-sanjay; TheCedarPrince
OMOPCommonDataModel.jl,kosuri-indu
OMOPVocabMapper.jl,Mounika-Thakkallapally; invalid-email-address
PharmaceuticalClassification.jl,DilumAluthge
PubChemCrawler.jl,timholy; tp2750
PubMedMiner.jl,DilumAluthge; ibacher
SMARTAppLaunch.jl,DilumAluthge; devmotion
SMARTBackendServices.jl,devmotion
Thunderbolt.jl,AbdAlazezAhmed; Abdelrahman912; kosuri-indu; oscardssmith; termi-official
WrapperITKIO.jl,jakubMitura14
EpiJ,TheCedarPrince
JuliaHealthAudit,kosuri-indu
JuliaHealthEcosystemPaper,TheCedarPrince; kosuri-indu
JuliaHealthLLM,ParamThakkar123; TheCedarPrince
JuliaHealthWebsiteOld,TheCedarPrince
JuliaHealthZoo,kosuri-indu
MedPipe3DTutorial,jakubMitura14
OMOPCDMMetrics,TheCedarPrince
OMOPCDMPredictor,TheCedarPrince
ObservationalHealthSubecosystemPaper,TheCedarPrince
juliahealth.github.io,Hetarth02; TheCedarPrince; divital-coder; kosuri-indu
juliahealth.github.io-previews,DilumAluthge
