Active,Inactive,Abandoned,Concept
BloodFlowTrixi.jl,BioMedQuery.jl,ARules.jl,BlindingIndex.jl
KomaMRI.jl,DICOM.jl,CAOS.jl,CloToP.jl
NeuroAnalyzer.jl,DICOMTree.jl,CTakesParser.jl,GitHubAnalytics.jl
OMOPCommonDataModel.jl,FHIRClient.jl,DICOMClient.jl,HealthDash.jl
PubChemCrawler.jl,HealthBase.jl,DateShifting.jl,HealthLLM.jl
,ICD_GEMs.jl,DiagnosisClassification.jl,HealthSampleData.jl
,ITKIOWrapper.jl,EHRAuthentication.jl,IPUMS.jl
,MedEye3d.jl,FHIRClientJSON.jl,ITKIOWrapp.jl
,OMOPCDMCohortCreator.jl,FHIRClientXML.jl,MedEval3D.jl
,OMOPVocabMapper.jl,HealthMLBase.jl,MedImages.jl
,SMARTBackendServices.jl,MTIWrapper.jl,MedPipe3D.jl
,,OMOPCDMDatabaseConnector.jl,NCEI.jl
,,PharmaceuticalClassification.jl,OHDSIAPI.jl
,,SMARTAppLaunch.jl,OMOPCDMFeasibility.jl
,,,OMOPCDMPathways.jl
,,,PubMedMiner.jl
,,,Thunderbolt.jl
,,,WrapperITKIO.jl
,,,EpiJ
,,,JuliaHealthAudit
,,,JuliaHealthEcosystemPaper
,,,JuliaHealthLLM
,,,JuliaHealthWebsiteOld
,,,JuliaHealthZoo
,,,MedPipe3DTutorial
,,,OMOPCDMMetrics
,,,OMOPCDMPredictor
,,,ObservationalHealthSubecosystemPaper
,,,juliahealth.github.io
,,,juliahealth.github.io-previews
