early_release,mature,not_registered,registered_no_releases,stable
ARules.jl,FHIRClient.jl,CTakesParser.jl,BlindingIndex.jl,BioMedQuery.jl
DICOMClient.jl,KomaMRI.jl,CloToP.jl,HealthSampleData.jl,BloodFlowTrixi.jl
DICOMTree.jl,SMARTAppLaunch.jl,GitHubAnalytics.jl,MedEval3D.jl,CAOS.jl
DateShifting.jl,,HealthDash.jl,MedImages.jl,DICOM.jl
DiagnosisClassification.jl,,HealthLLM.jl,MedPipe3D.jl,HealthBase.jl
EHRAuthentication.jl,,IPUMS.jl,NCEI.jl,HealthMLBase.jl
FHIRClientJSON.jl,,ITKIOWrapp.jl,,ICD_GEMs.jl
FHIRClientXML.jl,,MTIWrapper.jl,,MedEye3d.jl
ITKIOWrapper.jl,,OHDSIAPI.jl,,OMOPCDMCohortCreator.jl
NeuroAnalyzer.jl,,OMOPCDMFeasibility.jl,,OMOPCommonDataModel.jl
OMOPCDMDatabaseConnector.jl,,OMOPCDMPathways.jl,,PubChemCrawler.jl
OMOPVocabMapper.jl,,PubMedMiner.jl,,SMARTBackendServices.jl
PharmaceuticalClassification.jl,,Thunderbolt.jl,,
,,WrapperITKIO.jl,,
,,EpiJ,,
,,JuliaHealthAudit,,
,,JuliaHealthEcosystemPaper,,
,,JuliaHealthLLM,,
,,JuliaHealthWebsiteOld,,
,,JuliaHealthZoo,,
,,MedPipe3DTutorial,,
,,OMOPCDMMetrics,,
,,OMOPCDMPredictor,,
,,ObservationalHealthSubecosystemPaper,,
,,juliahealth.github.io,,
,,juliahealth.github.io-previews,,
