blue,none,sciml
HealthLLM.jl,ARules.jl,Thunderbolt.jl
HealthSampleData.jl,BioMedQuery.jl,
IPUMS.jl,BlindingIndex.jl,
KomaMRI.jl,BloodFlowTrixi.jl,
OMOPCDMFeasibility.jl,CAOS.jl,
OMOPCDMPathways.jl,CTakesParser.jl,
,CloToP.jl,
,DICOM.jl,
,DICOMClient.jl,
,DICOMTree.jl,
,DateShifting.jl,
,DiagnosisClassification.jl,
,EHRAuthentication.jl,
,FHIRClient.jl,
,FHIRClientJSON.jl,
,FHIRClientXML.jl,
,GitHubAnalytics.jl,
,HealthBase.jl,
,HealthDash.jl,
,HealthMLBase.jl,
,ICD_GEMs.jl,
,ITKIOWrapp.jl,
,ITKIOWrapper.jl,
,MTIWrapper.jl,
,MedEval3D.jl,
,MedEye3d.jl,
,MedImages.jl,
,MedPipe3D.jl,
,NCEI.jl,
,NeuroAnalyzer.jl,
,OHDSIAPI.jl,
,OMOPCDMCohortCreator.jl,
,OMOPCDMDatabaseConnector.jl,
,OMOPCommonDataModel.jl,
,OMOPVocabMapper.jl,
,PharmaceuticalClassification.jl,
,PubChemCrawler.jl,
,PubMedMiner.jl,
,SMARTAppLaunch.jl,
,SMARTBackendServices.jl,
,WrapperITKIO.jl,
,EpiJ,
,JuliaHealthAudit,
,JuliaHealthEcosystemPaper,
,JuliaHealthLLM,
,JuliaHealthWebsiteOld,
,JuliaHealthZoo,
,MedPipe3DTutorial,
,OMOPCDMMetrics,
,OMOPCDMPredictor,
,ObservationalHealthSubecosystemPaper,
,juliahealth.github.io,
,juliahealth.github.io-previews,
