login,name,num_repos_contributed,total_contributions,repos_list,profile_url
AdamWysokinski,Adam Wysokiński,3,2586,BlindingIndex.jl; CloToP.jl; NeuroAnalyzer.jl,https://github.com/AdamWysokinski
cncastillo,Carlos Castillo Passi,1,1162,KomaMRI.jl,https://github.com/cncastillo
jakubMitura14,Jakub Mitura,8,807,ITKIOWrapp.jl; ITKIOWrapper.jl; MedEval3D.jl; MedEye3d.jl; MedImages.jl; MedPipe3D.jl; MedPipe3DTutorial; WrapperITKIO.jl,https://github.com/jakubMitura14
pvillacorta,Pablo Villacorta Aylagas,1,742,KomaMRI.jl,https://github.com/pvillacorta
DilumAluthge,Dilum Aluthge,24,644,ARules.jl; BioMedQuery.jl; CAOS.jl; CTakesParser.jl; DICOM.jl; DICOMClient.jl; DateShifting.jl; DiagnosisClassification.jl; EHRAuthentication.jl; FHIRClient.jl; FHIRClientJSON.jl; FHIRClientXML.jl; HealthBase.jl; HealthMLBase.jl; JuliaHealthWebsiteOld; KomaMRI.jl; MTIWrapper.jl; OMOPCommonDataModel.jl; PharmaceuticalClassification.jl; PubChemCrawler.jl; PubMedMiner.jl; SMARTAppLaunch.jl; SMARTBackendServices.jl; juliahealth.github.io-previews,https://github.com/DilumAluthge
beorostica,beorostica,1,549,KomaMRI.jl,https://github.com/beorostica
mirestrepo,Maria Isabel Restrepo,5,468,ARules.jl; BioMedQuery.jl; CTakesParser.jl; MTIWrapper.jl; PubMedMiner.jl,https://github.com/mirestrepo
mcmcgrath13,Mary McGrath,3,268,ARules.jl; BioMedQuery.jl; PubMedMiner.jl,https://github.com/mcmcgrath13
divital-coder,@Night-Glimmers,6,224,GitHubAnalytics.jl; ITKIOWrapp.jl; ITKIOWrapper.jl; MedEye3d.jl; MedImages.jl; juliahealth.github.io,https://github.com/divital-coder
TheCedarPrince,Jacob S. Zelko,19,222,EpiJ; HealthBase.jl; HealthLLM.jl; HealthSampleData.jl; IPUMS.jl; JuliaHealthEcosystemPaper; JuliaHealthLLM; JuliaHealthWebsiteOld; KomaMRI.jl; NeuroAnalyzer.jl; OHDSIAPI.jl; OMOPCDMCohortCreator.jl; OMOPCDMDatabaseConnector.jl; OMOPCDMFeasibility.jl; OMOPCDMMetrics; OMOPCDMPathways.jl; OMOPCDMPredictor; ObservationalHealthSubecosystemPaper; juliahealth.github.io,https://github.com/TheCedarPrince
yolhan83,yolhan mannes,1,192,BloodFlowTrixi.jl,https://github.com/yolhan83
paulstey,Paul Stey,3,188,ARules.jl; BioMedQuery.jl; CAOS.jl,https://github.com/paulstey
termi-official,Dennis Ogiermann,1,138,Thunderbolt.jl,https://github.com/termi-official
Stockless,Stockless,1,119,KomaMRI.jl,https://github.com/Stockless
rkierulf,rkierulf,2,116,KomaMRI.jl; juliahealth.github.io,https://github.com/rkierulf
notZaki,Zaki A.,1,113,DICOM.jl,https://github.com/notZaki
Nosferican,José Bayoán Santiago Calderón,1,96,NCEI.jl,https://github.com/Nosferican
kosuri-indu,Kosuri Indu,6,79,HealthBase.jl; HealthDash.jl; JuliaHealthAudit; OHDSIAPI.jl; OMOPCDMFeasibility.jl; juliahealth.github.io,https://github.com/kosuri-indu
ParamThakkar123,Param Thakkar,4,73,HealthLLM.jl; HealthSampleData.jl; JuliaHealthLLM; MedEval3D.jl,https://github.com/ParamThakkar123
jagiellonczyk14,jagiellonczyk14,2,68,MedEval3D.jl; MedEye3d.jl,https://github.com/jagiellonczyk14
aTrotier,aTrotier,1,46,KomaMRI.jl,https://github.com/aTrotier
Jay-sanjay,Jay-sanjay,3,41,OMOPCDMCohortCreator.jl; OMOPCDMPathways.jl; juliahealth.github.io,https://github.com/Jay-sanjay
jasonk33,Jason Katz,2,34,BioMedQuery.jl; CAOS.jl,https://github.com/jasonk33
InterdisciplinaryPhysicsTeam,Interdisciplinary Physics Team (InPhyT),1,33,ICD_GEMs.jl,https://github.com/InterdisciplinaryPhysicsTeam
Mounika-Thakkallapally,Mounika Thakkallapally,2,28,OMOPVocabMapper.jl; juliahealth.github.io,https://github.com/Mounika-Thakkallapally
gsahonero,Guillermo Sahonero Alvarez,1,27,KomaMRI.jl,https://github.com/gsahonero
curtcorum,Curt Corum,1,24,KomaMRI.jl,https://github.com/curtcorum
timholy,Tim Holy,1,22,PubChemCrawler.jl,https://github.com/timholy
devmotion,David Müller-Widmann,4,21,EHRAuthentication.jl; FHIRClient.jl; SMARTAppLaunch.jl; SMARTBackendServices.jl,https://github.com/devmotion
fdekerme,François de Kermenguy,1,20,DICOMTree.jl,https://github.com/fdekerme
AshlinHarris,Ashlin Harris,1,17,OMOPVocabMapper.jl,https://github.com/AshlinHarris
ibacher,Ian,2,15,BioMedQuery.jl; PubMedMiner.jl,https://github.com/ibacher
vsaase,Victor Saase,1,13,DICOM.jl,https://github.com/vsaase
JanZubik,Jan Zubik,3,10,MedImages.jl; MedPipe3D.jl; juliahealth.github.io,https://github.com/JanZubik
pitmonticone,Pietro Monticone,2,10,ICD_GEMs.jl; JuliaHealthWebsiteOld,https://github.com/pitmonticone
AbdAlazezAhmed,AbdulazizAhmed,1,9,Thunderbolt.jl,https://github.com/AbdAlazezAhmed
ihnorton,Isaiah Norton,1,9,DICOM.jl,https://github.com/ihnorton
JuliaTagBot,Julia TagBot,8,8,ARules.jl; BioMedQuery.jl; CAOS.jl; CTakesParser.jl; DICOM.jl; MTIWrapper.jl; NCEI.jl; PubMedMiner.jl,https://github.com/JuliaTagBot
Hetarth02,Hetarth Shah,2,7,JuliaHealthWebsiteOld; juliahealth.github.io,https://github.com/Hetarth02
tinorodriguez,Tino Rodríguez,1,7,KomaMRI.jl,https://github.com/tinorodriguez
Vaibhavdixit02,Vaibhav Dixit,2,7,EHRAuthentication.jl; SMARTAppLaunch.jl,https://github.com/Vaibhavdixit02
simonster,Simon Kornblith,1,6,DICOM.jl,https://github.com/simonster
bcbi-bot,BCBI Bot,3,6,ARules.jl; BioMedQuery.jl; CAOS.jl,https://github.com/bcbi-bot
ultradian,ultradian,1,5,DICOM.jl,https://github.com/ultradian
00krishna,Krishna Bhogaonker,2,5,IPUMS.jl; juliahealth.github.io,https://github.com/00krishna
mateuszbaran,Mateusz Baran,1,4,DICOM.jl,https://github.com/mateuszbaran
tp2750,Thomas Poulsen,1,4,PubChemCrawler.jl,https://github.com/tp2750
Abdelrahman912,Abdelrahman Fathy (Tee),1,4,Thunderbolt.jl,https://github.com/Abdelrahman912
rupalimits,Rupali Patel,1,4,MedEval3D.jl,https://github.com/rupalimits
JeffBezanson,Jeff Bezanson,1,3,DICOM.jl,https://github.com/JeffBezanson
StefanKarpinski,Stefan Karpinski,1,3,DICOM.jl,https://github.com/StefanKarpinski
AaronGhost,AaronGhost,1,3,DICOM.jl,https://github.com/AaronGhost
KookiesNKareem,Kareem,1,3,KomaMRI.jl,https://github.com/KookiesNKareem
Farreeda,Farida Abdelazeez,2,2,OHDSIAPI.jl; OMOPCDMCohortCreator.jl,https://github.com/Farreeda
MarijaGijic,Marija Gijic,1,2,MedPipe3D.jl,https://github.com/MarijaGijic
adambrewster,Adam Brewster,1,2,DICOM.jl,https://github.com/adambrewster
BenRussert,Ben Russert,1,2,DICOM.jl,https://github.com/BenRussert
tkelman,Tony Kelman,1,2,BioMedQuery.jl,https://github.com/tkelman
SimonDanisch,Simon,1,2,DICOM.jl,https://github.com/SimonDanisch
kylebeggs,Kyle Beggs,1,2,Thunderbolt.jl,https://github.com/kylebeggs
jw3126,Jan Weidner,1,2,DICOM.jl,https://github.com/jw3126
pabloirarrazaval,Pablo Irarrazaval,1,1,KomaMRI.jl,https://github.com/pabloirarrazaval
fossabot,fossabot,1,1,NCEI.jl,https://github.com/fossabot
MichelaRocchetti,MichelaRocchetti,1,1,juliahealth.github.io,https://github.com/MichelaRocchetti
nicoleepp,Nicole Epp,1,1,BioMedQuery.jl,https://github.com/nicoleepp
Keno,Keno Fischer,1,1,DICOM.jl,https://github.com/Keno
fredrikekre,Fredrik Ekre,1,1,NCEI.jl,https://github.com/fredrikekre
fchichorro,Filipe Chichorro,1,1,PubChemCrawler.jl,https://github.com/fchichorro
carlobaldassi,Carlo Baldassi,1,1,DICOM.jl,https://github.com/carlobaldassi
nHackel,Niklas Hackelberg,1,1,KomaMRI.jl,https://github.com/nHackel
asinghvi17,Anshul Singhvi,1,1,OMOPCDMPathways.jl,https://github.com/asinghvi17
logankilpatrick,Logan Kilpatrick ,1,1,JuliaHealthWebsiteOld,https://github.com/logankilpatrick
gabuzi,gabuzi,1,1,KomaMRI.jl,https://github.com/gabuzi
thePlasm,Rasmus Jepsen,1,1,KomaMRI.jl,https://github.com/thePlasm
dublinsubway,dublinsubway,1,1,OMOPCDMCohortCreator.jl,https://github.com/dublinsubway
oscardssmith,Oscar Smith,1,1,Thunderbolt.jl,https://github.com/oscardssmith
ChrisRackauckas,Christopher Rackauckas,1,1,JuliaHealthWebsiteOld,https://github.com/ChrisRackauckas
calberolalopez,calberolalopez,1,1,KomaMRI.jl,https://github.com/calberolalopez
Dale-Black,Dale-Black,1,1,DICOM.jl,https://github.com/Dale-Black
davidssmith,David Smith,1,1,DICOM.jl,https://github.com/davidssmith
