package_name,github_repo_url
ARules.jl,https://github.com/JuliaHealth/ARules.jl
BioMedQuery.jl,https://github.com/JuliaHealth/BioMedQuery.jl
BlindingIndex.jl,https://github.com/JuliaHealth/BlindingIndex.jl
BloodFlowTrixi.jl,https://github.com/JuliaHealth/BloodFlowTrixi.jl
CAOS.jl,https://github.com/JuliaHealth/CAOS.jl
CTakesParser.jl,https://github.com/JuliaHealth/CTakesParser.jl
CloToP.jl,https://github.com/JuliaHealth/CloToP.jl
DICOM.jl,https://github.com/JuliaHealth/DICOM.jl
DICOMClient.jl,https://github.com/JuliaHealth/DICOMClient.jl
DICOMTree.jl,https://github.com/JuliaHealth/DICOMTree.jl
DateShifting.jl,https://github.com/JuliaHealth/DateShifting.jl
DiagnosisClassification.jl,https://github.com/JuliaHealth/DiagnosisClassification.jl
EHRAuthentication.jl,https://github.com/JuliaHealth/EHRAuthentication.jl
FHIRClient.jl,https://github.com/JuliaHealth/FHIRClient.jl
FHIRClientJSON.jl,https://github.com/JuliaHealth/FHIRClientJSON.jl
FHIRClientXML.jl,https://github.com/JuliaHealth/FHIRClientXML.jl
GitHubAnalytics.jl,https://github.com/JuliaHealth/GitHubAnalytics.jl
HealthBase.jl,https://github.com/JuliaHealth/HealthBase.jl
HealthDash.jl,https://github.com/JuliaHealth/HealthDash.jl
HealthLLM.jl,https://github.com/JuliaHealth/HealthLLM.jl
HealthMLBase.jl,https://github.com/JuliaHealth/HealthMLBase.jl
HealthSampleData.jl,https://github.com/JuliaHealth/HealthSampleData.jl
ICD_GEMs.jl,https://github.com/JuliaHealth/ICD_GEMs.jl
IPUMS.jl,https://github.com/JuliaHealth/IPUMS.jl
ITKIOWrapp.jl,https://github.com/JuliaHealth/ITKIOWrapp.jl
ITKIOWrapper.jl,https://github.com/JuliaHealth/ITKIOWrapper.jl
KomaMRI.jl,https://github.com/JuliaHealth/KomaMRI.jl
MTIWrapper.jl,https://github.com/JuliaHealth/MTIWrapper.jl
MedEval3D.jl,https://github.com/JuliaHealth/MedEval3D.jl
MedEye3d.jl,https://github.com/JuliaHealth/MedEye3d.jl
MedImages.jl,https://github.com/JuliaHealth/MedImages.jl
MedPipe3D.jl,https://github.com/JuliaHealth/MedPipe3D.jl
NCEI.jl,https://github.com/JuliaHealth/NCEI.jl
NeuroAnalyzer.jl,https://github.com/JuliaHealth/NeuroAnalyzer.jl
OHDSIAPI.jl,https://github.com/JuliaHealth/OHDSIAPI.jl
OMOPCDMCohortCreator.jl,https://github.com/JuliaHealth/OMOPCDMCohortCreator.jl
OMOPCDMDatabaseConnector.jl,https://github.com/JuliaHealth/OMOPCDMDatabaseConnector.jl
OMOPCDMFeasibility.jl,https://github.com/JuliaHealth/OMOPCDMFeasibility.jl
OMOPCDMPathways.jl,https://github.com/JuliaHealth/OMOPCDMPathways.jl
OMOPCommonDataModel.jl,https://github.com/JuliaHealth/OMOPCommonDataModel.jl
OMOPVocabMapper.jl,https://github.com/JuliaHealth/OMOPVocabMapper.jl
PharmaceuticalClassification.jl,https://github.com/JuliaHealth/PharmaceuticalClassification.jl
PubChemCrawler.jl,https://github.com/JuliaHealth/PubChemCrawler.jl
PubMedMiner.jl,https://github.com/JuliaHealth/PubMedMiner.jl
SMARTAppLaunch.jl,https://github.com/JuliaHealth/SMARTAppLaunch.jl
SMARTBackendServices.jl,https://github.com/JuliaHealth/SMARTBackendServices.jl
Thunderbolt.jl,https://github.com/JuliaHealth/Thunderbolt.jl
WrapperITKIO.jl,https://github.com/JuliaHealth/WrapperITKIO.jl
